<?xml version="1.0" encoding="UTF-8"?>
<multi-lingual-text>
-
	<texts xml:lang="en">
		<text label="address_file">addresspop.htm</text>
		<text label="amount">Amount :</text>
		<text label="authbar_img_file">authbar.gif</text>
		<text label="back">Back</text>		
		<text label="back_img_file">back_btn.gif</text>
		<text label="dis_back_img_file">dis_back_btn.gif</text>
		<text label="dis_change_img_file">dis_change_btn.gif</text>		
		<text label="back_over_img_file">back_over.gif</text>
		<text label="billing_address">Billing Address</text>							
		<text label="billing_postcode">Billing Post Code</text>
		<text label="blankpixel_img_file">1pixelblank.gif</text>
		<text label="cancel">Cancel</text>
		<text label="cancel_img_file">cancel_btn.gif</text>
		<text label="cancel_over_img_file">cancel_over.gif</text>			
		<text label="canceled">You have cancelled your transaction.</text>				
		<text label="card_authentication">Card Authentication</text>
		<text label="card_details_confirm_subtitle">Card Details</text>							
		<text label="cardholdername">Cardholder Name</text>						
		<text label="cardnumber">Card Number</text>
		<text label="change_cardtype">Change Card Type</text>			
		<text label="change_cardtype_img_file">change_btn.gif</text>		
		<text label="change_cardtype_over_img_file">change_over.gif</text>		
		<text label="change_img_file">back_btn.gif</text>
		<text label="change_over_img_file">back_over.gif</text>
		<text label="click_btn_below">Please click button below to continue with the 3D-Secure checks</text>		
		<text label="clickgift">Please tick if you wish to donate your Tax to Gift Aid.</text>		
		<text label="delivery_address">Delivery Address</text>				
		<text label="delivery_postcode">Delivery Post Code</text>
		<text label="email">eMail</text>
		<text label="email_bullet">Bullet Point</text>
		<text label="email_bullet_img_file">yellowbullet20_20.gif</text>
		<text label="email_header">Sage Pay Notification e-Mail</text>
		<text label="email_header_img_file">headerright512_62.gif</text>
		<text label="email_logo_img_file">protxlogo143_62.gif</text>
		<text label="enter_without_spaces">(enter without spaces)</text>
		<text label="errorcode">Error Code</text>
		<text label="errordescription">Error Description</text>
		<text label="errormessage">Error Message</text>
		<text label="errortype">Exception Type</text>
		<text label="expiry_date">Expiry date</text>
		<text label="faq_file">faqspop.htm</text>
		<text label="form_msg">This transaction attempt has failed. Please use the Proceed button go back to the web store from which you were purchasing. The details of the failure are given below. </text>			
		<text label="form_msg_no_redirection">This transaction attempt has failed. We are unable to redirect you back to the web store from which you were purchasing. The details of the failure are given below. </text>					
		<text label="form_redirect_me">Redirect to vendor web site</text>	
		<text label="form_redirecturl">Redirect URL</text>
		<text label="form_status">Status:</text>				
		<text label="form_statusdetail">Status Detail:</text>
		<text label="giftdetails">Gift Aid Details</text>						
		<text label="gift_statement_part1">I am a UK tax payer and would like </text>						
		<text label="gift_statement_part2"> to reclaim tax on this donation under the Gift Aid scheme.</text>								
		<text label="http_status_code">HTTP Status Code:</text>
		<text label="httpstatus_msg">HTTP Status Message:</text>
		<text label="if_not_present_leave_blank">(if not present, leave blank)</text>
		<text label="issue_leave_it_blank">(switch/solo only, if not present leave blank)</text>
		<text label="issue_no">Issue Number</text>
		<text label="item_description">Description</text>
		<text label="item_linetotal">Line Total</text>															
		<text label="item_quantity">Quantity</text>		
		<text label="item_tax">Item Tax</text>		
		<text label="item_total">Item Total</text>
		<text label="item_value">Item Value</text>		
		<text label="laser_000_CV2">(if your LASER card has no CV2, enter 000)</text>		
		<text label="mcsc">Mastercard SecureCode</text>		
		<text label="mcsc_img_file">mcsc_logo.gif</text>
		<text label="month">Month:</text>
		<text label="name_as_it_appears">(name as it appears on card)</text>		
		<text label="padlockmessage">If your browser is not showing the secure padlock on your screen click on this padlock.</text>		
		<text label="paymentmethod">Card Type</text>
		<text label="proceed_to_finalise">Click proceed to complete your payment. Your transaction may take a few seconds to be authorised, please be patient.</text>
		<text label="sagepay_secure_server_padlock">You have now entered the Sage Pay secure server, if your browser is not showing the secure padlock on the bottom right of your screen click on the padlock below.</text>
		<text label="please_select_cardtype">Please click below to select the type of card you wish to use.</text>
		<text label="please_cancel_here">Please only click the cancel button below if you intend to abort this payment process.</text>
		<text label="please_wait_while_authorsiation">Please wait while your transaction is authorised with the bank.</text>
		<text label="postcode_file">postcodepop.htm</text>					
		<text label="proceed">Proceed</text>
		<text label="proceed_img_file">proceed_btn.gif</text>
		<text label="proceed_over_img_file">proceed_over.gif</text>			
		<text label="sagepay_page_title">Sage Pay - Keeping Money Moving</text>		
		<text label="sagepay_secure_server">Sage Pay SECURE SERVER</text>
		<text label="security_code">Security Code</text>						
		<text label="securitycode_file">securitycodepop.htm</text>				
		<text label="shopping_basket">Your Shopping Basket</text>						
		<text label="skip3D">Abort 3D-Secure checks.</text>
		<text label="skip3D_img_file">skip3D_btn.gif</text>
		<text label="skip3D_over_img_file">skip3D_over.gif</text>			
		<text label="submitted_img_file">submitted.gif</text>
		<text label="submitted_small_img_file">subsmall.gif</text>
		<text label="subtitle_card_details">Enter Card Details</text>		
		<text label="subtitle_security_code">Enter Security Code</text>
		<text label="subtitle_selectpaymentmethod">Select Payment Method</text>				
		<text label="subtitle_transaction_details">Transaction Details</text>
		<text label="threed_d_callback_title">3D Callback</text>
		<text label="threed_d_page_tittle">3D-Secure Authentication</text>
		<text label="threed_d_redirect_title">3D Redirect</text>
		<text label="threed_description">To increase the security of Internet transactions Visa and Mastercard have recently introduced 3D-Secure (like an online version of Chip and PIN). Depending on the card you have chosen to use and the retailer from whom you are purchasing, when you click Proceed you may be asked by your card issuer for further authentication.</text>
		<text label="threed_explanation">To increase the security of Internet transactions Visa and Mastercard have introduced 3D-Secure (like an online version of Chip and PIN).  You have chosen to use a card that is part of the 3D-Secure scheme, so you will need to authenticate yourself with your bank in the section below.</text>
		<text label="threed_skiptext">If your bank's validation screens do not appear in the area above, click here to skip the 3D-Authentication.  You should ONLY do this if the authentication screens do not appear.</text>	
		<text label="topayfor">To Pay For :</text>
		<text label="uri">Requested URI</text>
		<text label="valid_from">Valid From</text>						
		<text label="vbv">Verified By Visa</text>
		<text label="vbv_img_file">vbv_logo_small.gif</text>
		<text label="vsp_form_error_header">Form Transaction Error</text>				
		<text label="vendortxcode">Transaction Reference :</text>
		<text label="whattodo_img">whatdoibutton145_20.gif</text>		
		<text label="infoblob_img">infoBlob.gif</text>	
		<text label="year">Year:</text>		
		<text label="cardfirstnames">Firstname:</text>		
		<text label="cardsurname">Surname:</text>		
		<text label="address_file223">addresspop.htm</text>		
		<text label="billing_address1">Billing Address Line 1</text>				
		<text label="billing_address2">Billing Address Line 2</text>
		<text label="billingcity">Billing City</text>
		<text label="billingstate">Billing State</text>
		<text label="billingcountry">Billing Country</text>
		<text label="delivery_address1">Delivery Address Line 1</text>				
		<text label="delivery_address2">Delivery Line 2</text>
		<text label="deliverycity">Delivery City</text>
		<text label="deliverystate">Delivery State</text>
		<text label="deliverycountry">Delivery Country</text>			
		<text label="post_through_browser_page_tittle">Sage Pay - Securing the future of eCommerce</text>		
		<text label="post_through_click_btn_below">Please click button below to continue with the processing</text>		
		
		<text label="clientemail_title">Transaction Processing Results</text>
		<text label="clientemail_notification">Notification</text>
		<text label="clientemail_test_message1">** This is a TEST Order placed on the Sage Pay Test Environment **</text>
		<text label="clientemail_test_message2">** NO MONEY WILL BE TAKEN FROM YOUR CARD **</text>		
		
		<text label="clientemail_order_from_part1">Your order from </text>
		<text label="clientemail_order_from_part2"> has been successful.</text>	
		<text label="clientemail_unique_reference">The unique reference for this transaction is:</text>
		<text label="clientemail_cancel_notification">** VERY IMPORTANT - Cancellation Notification **</text>
		<text label="clientemail_greeting">Dear </text>
		<text label="clientemail_greeting_sir_madam">Dear Sir/Madam,</text>		
		<text label="clientemail_success_msg">Thank you for your order.  Your payment has been processed successfully.</text>		
		<text label="clientemail_success_but">Thank you for your order.  Your card was authorised successfully but</text>				
        <text label="clientemail_success_msg_no_money">NO money has been debited from your account.</text>
        <text label="clientemail_deffered_success_msg_line3">Your card will only be debited when </text>
        <text label="clientemail_deffered_success_msg_line4"> review the order and release the payment.</text>		
		<text label="clientemail_preauth_success_msg_line3">Your card will</text>
		<text label="clientemail_preauth_success_msg_line4"> ONLY </text>
		<text label="clientemail_preauth_success_msg_line5">be debited when your order is fulfilled.</text>
		<text label="clientemail_authenticate_success_msg_line1">Thank you for your order.  Your card was authenticated successfully but</text>
		<text label="clientemail_abort_part1">The transaction referenced below has been</text>
		<text label="clientemail_abort_part2"> ABORTED </text>		
		<text label="clientemail_abort_part3">by the Sage Pay payment systems.</text>
		<text label="clientemail_abort_part4">YOU WILL NOT BE CHARGED FOR THIS TRANSACTION.</text>
		<text label="clientemail_abort_part5">The Online Merchant has been informed and will NOT send you any goods.  Please return to their site and retry your purchase, or contact them directly.</text>
		<text label="clientemail_abort_part6">We apologise for any inconvenience caused by the cancellation.</text>		
		<text label="clientemail_quote_orderno_part1">Please quote your order number </text>
		<text label="clientemail_quote_orderno_part2"> in all correspondence with either  </text>
		<text label="clientemail_quote_orderno_part3"> or Sage Pay.</text>
		<text label="clientemail_ordertottal">Order total: </text>
		<text label="clientemail_cardused">Card used: </text>		
		<text label="clientemail_attempt">Attempt:</text>										
		<text label="clientemail_you_bought">You bought:  </text>
		<text label="clientemail_deliveryaddress">Delivery Address:</text>
		<text label="clientemail_billingaddress">Billing Address:</text>
		<text label="clientemail_cardaddress">Card Address:</text>				
		<text label="clientemail_anyquestion_part1">If you have any questions regarding your order, delivery details or items purchased, please contact </text>
		<text label="clientemail_anyquestion_part2"> directly at </text>		
		<text label="clientemail_anyquestion_part2_via"> directly via details on their website </text>		
			
		<text label="clientemail_sagepay_part1">This payment was processed by Sage Pay, a third-party payment service provider.</text>
		<text label="clientemail_sagepay_part2">If you have any questions regarding the online card payment system, contact Sage Pay at: </text>
		<text label="clientemail_sagepay_part3">Please be aware that Sage Pay has no involvement with the fulfilment of orders placed through this web site. If you have any issues regarding your order please contact </text>	
		<text label="clientemail_anyquestion_sagepay_part4"> directly.</text>			
	</texts>
	
</multi-lingual-text>

